{"cameraMode":{"drawMode":0,"name":"Shaded","section":"Shading Mode"},"sceneLighting":true,"audioPlay":false,"sceneViewState":{"showFog":true,"showMaterialUpdate":false,"showSkybox":true,"showFlares":true,"showImageEffects":true,"showParticleSystems":true},"in2DMode":false,"pivot":{"x":8.448232650756836,"y":-14.824195861816407,"z":10.63876724243164},"rotation":{"x":0.36399826407432558,"y":0.22998850047588349,"z":-0.09325223416090012,"w":0.8977281451225281},"size":17.64028549194336,"orthographic":false}