{"cameraMode":{"drawMode":0,"name":"Shaded","section":"Shading Mode"},"sceneLighting":true,"audioPlay":false,"sceneViewState":{"showFog":true,"showMaterialUpdate":false,"showSkybox":true,"showFlares":true,"showImageEffects":true,"showParticleSystems":true},"in2DMode":false,"pivot":{"x":53.06853485107422,"y":0.3621106743812561,"z":56.25236129760742},"rotation":{"x":0.25439873337745669,"y":-0.5060470104217529,"z":0.15921330451965333,"w":0.808613121509552},"size":7.364935398101807,"orthographic":false}